timestamp,region,region_name,total_generation_mwh,total_co2_kg,carbon_intensity_kg_per_mwh,hour,day_of_week,month,lag_1,lag_24,target_carbon_intensity_24h
2024-01-02 00:00:00,CISO,California Independent System Operator,19732,4149260.0,210.28076221366308,0,1,1,236.79128997261972,266.0083244397012,228.98425343582576
2024-01-02 01:00:00,CISO,California Independent System Operator,18429,3881927.0,210.6423028921808,1,1,1,210.28076221366308,284.90692137020403,236.81386758930242
2024-01-02 02:00:00,CISO,California Independent System Operator,17709,4766326.0,269.1471003444576,2,1,1,210.6423028921808,294.0158457127965,272.56152196724304
2024-01-02 03:00:00,CISO,California Independent System Operator,19440,5384713.0,276.9914094650206,3,1,1,269.1471003444576,276.44232133566663,259.71888511102713
2024-01-02 04:00:00,CISO,California Independent System Operator,19920,5552338.0,278.73182730923696,4,1,1,276.9914094650206,284.7195597453235,261.5485556499575
2024-01-02 05:00:00,CISO,California Independent System Operator,19640,5596185.0,284.9381364562118,5,1,1,278.73182730923696,290.81874298540964,263.0364985547263
2024-01-02 06:00:00,CISO,California Independent System Operator,19036,5669331.0,297.82154864467327,6,1,1,284.9381364562118,303.3355971772696,263.5302918600113
2024-01-02 07:00:00,CISO,California Independent System Operator,18906,5584879.0,295.40246482598116,7,1,1,297.82154864467327,303.67964972601266,288.7790413127969
2024-01-02 08:00:00,CISO,California Independent System Operator,17551,5544285.0,315.8956754600877,8,1,1,295.40246482598116,320.107714620405,309.4950069850468
2024-01-02 09:00:00,CISO,California Independent System Operator,16144,5199215.0,322.0524653121903,9,1,1,315.8956754600877,327.1993363085021,324.1225648021828
2024-01-02 10:00:00,CISO,California Independent System Operator,16327,5364383.0,328.5590126783855,10,1,1,322.0524653121903,325.27929515418504,312.63615998251555
2024-01-02 11:00:00,CISO,California Independent System Operator,16054,5435125.0,338.55269714712847,11,1,1,328.5590126783855,328.90581768774706,319.23047116302575
2024-01-02 12:00:00,CISO,California Independent System Operator,15810,5349369.0,338.35351043643266,12,1,1,338.55269714712847,333.75441525913556,322.76252110298253
2024-01-02 13:00:00,CISO,California Independent System Operator,15965,5350884.0,335.1634199812089,13,1,1,338.35351043643266,334.22324759473787,309.7388232696766
2024-01-02 14:00:00,CISO,California Independent System Operator,16461,5371673.0,326.3272583682644,14,1,1,335.1634199812089,331.16424322538006,293.83698336017176
2024-01-02 15:00:00,CISO,California Independent System Operator,17307,5557032.0,321.0858034321373,15,1,1,326.3272583682644,320.13793771805143,281.80389937754
2024-01-02 16:00:00,CISO,California Independent System Operator,19724,5719274.0,289.96522003650375,16,1,1,321.0858034321373,313.31624517254266,272.39384571482924
2024-01-02 17:00:00,CISO,California Independent System Operator,20724,5710776.0,275.5634047481181,17,1,1,289.96522003650375,294.22850077279753,260.90989423561194
2024-01-02 18:00:00,CISO,California Independent System Operator,22398,5540515.0,247.36650593803017,18,1,1,275.5634047481181,239.3876404494382,236.76873146197826
2024-01-02 19:00:00,CISO,California Independent System Operator,23184,5544557.0,239.15445997239476,19,1,1,247.36650593803017,229.6494942366502,211.43215613382898
2024-01-02 20:00:00,CISO,California Independent System Operator,22522,5621599.0,249.6047864310452,20,1,1,239.15445997239476,241.6442088091354,214.86592438931459
2024-01-02 21:00:00,CISO,California Independent System Operator,22440,5697858.0,253.91524064171122,21,1,1,249.6047864310452,250.07290825934894,214.64261183323913
2024-01-02 22:00:00,CISO,California Independent System Operator,21892,5328547.0,243.40156221450758,22,1,1,253.91524064171122,244.18039113428944,224.20882196162046
2024-01-02 23:00:00,CISO,California Independent System Operator,21163,5046150.0,238.44209233095498,23,1,1,243.40156221450758,236.79128997261972,217.61931172432605
2024-01-03 00:00:00,CISO,California Independent System Operator,21465,4915147.0,228.98425343582576,0,2,1,238.44209233095498,210.28076221366308,221.68471209341863
2024-01-03 01:00:00,CISO,California Independent System Operator,21388,5064975.0,236.81386758930242,1,2,1,228.98425343582576,210.6423028921808,218.45267489711935
2024-01-03 02:00:00,CISO,California Independent System Operator,21919,5974276.0,272.56152196724304,2,2,1,236.81386758930242,269.1471003444576,246.0830335861322
2024-01-03 03:00:00,CISO,California Independent System Operator,23823,6187283.0,259.71888511102713,3,2,1,272.56152196724304,276.9914094650206,245.54062409827281
2024-01-03 04:00:00,CISO,California Independent System Operator,23540,6156853.0,261.5485556499575,4,2,1,259.71888511102713,278.73182730923696,253.3778609895658
2024-01-03 05:00:00,CISO,California Independent System Operator,23179,6096923.0,263.0364985547263,5,2,1,261.5485556499575,284.9381364562118,253.27113053163689
2024-01-03 06:00:00,CISO,California Independent System Operator,23059,6076745.0,263.5302918600113,6,2,1,263.0364985547263,297.82154864467327,256.1268653431351
2024-01-03 07:00:00,CISO,California Independent System Operator,20841,6018444.0,288.7790413127969,7,2,1,263.5302918600113,295.40246482598116,261.44204901418834
2024-01-03 08:00:00,CISO,California Independent System Operator,19327,5981610.0,309.4950069850468,8,2,1,288.7790413127969,315.8956754600877,266.35828017724106
2024-01-03 09:00:00,CISO,California Independent System Operator,18325,5939546.0,324.1225648021828,9,2,1,309.4950069850468,322.0524653121903,276.95196640721014
2024-01-03 10:00:00,CISO,California Independent System Operator,18302,5721867.0,312.63615998251555,10,2,1,324.1225648021828,328.5590126783855,268.34387222946543
2024-01-03 11:00:00,CISO,California Independent System Operator,17807,5684537.0,319.23047116302575,11,2,1,312.63615998251555,338.55269714712847,273.9521233743814
2024-01-03 12:00:00,CISO,California Independent System Operator,17770,5735490.0,322.76252110298253,12,2,1,319.23047116302575,338.35351043643266,279.836093393411
2024-01-03 13:00:00,CISO,California Independent System Operator,18118,5611848.0,309.7388232696766,13,2,1,322.76252110298253,335.1634199812089,279.9992911153119
2024-01-03 14:00:00,CISO,California Independent System Operator,18630,5474183.0,293.83698336017176,14,2,1,309.7388232696766,326.3272583682644,279.15084525357605
2024-01-03 15:00:00,CISO,California Independent System Operator,19439,5477986.0,281.80389937754,15,2,1,293.83698336017176,321.0858034321373,281.15947920672414
2024-01-03 16:00:00,CISO,California Independent System Operator,21026,5727353.0,272.39384571482924,16,2,1,281.80389937754,289.96522003650375,268.9206317769966
2024-01-03 17:00:00,CISO,California Independent System Operator,21841,5698533.0,260.90989423561194,17,2,1,272.39384571482924,275.5634047481181,255.97522196050008
2024-01-03 18:00:00,CISO,California Independent System Operator,23263,5507951.0,236.76873146197826,18,2,1,260.90989423561194,247.36650593803017,218.81833299533562
2024-01-03 19:00:00,CISO,California Independent System Operator,23672,5005022.0,211.43215613382898,19,2,1,236.76873146197826,239.15445997239476,188.71224506312723
2024-01-03 20:00:00,CISO,California Independent System Operator,23621,5075348.0,214.86592438931459,20,2,1,211.43215613382898,249.6047864310452,198.6290851708816
2024-01-03 21:00:00,CISO,California Independent System Operator,23003,4937424.0,214.64261183323913,21,2,1,214.86592438931459,253.91524064171122,200.67350500106406
2024-01-03 22:00:00,CISO,California Independent System Operator,22512,5047389.0,224.20882196162046,22,2,1,214.64261183323913,243.40156221450758,210.69564104751345
2024-01-03 23:00:00,CISO,California Independent System Operator,21997,4786972.0,217.61931172432605,23,2,1,224.20882196162046,238.44209233095498,209.87396372511887
2024-01-04 00:00:00,CISO,California Independent System Operator,22351,4954875.0,221.68471209341863,0,3,1,217.61931172432605,228.98425343582576,201.5552697024269
2024-01-04 01:00:00,CISO,California Independent System Operator,22599,4936812.0,218.45267489711935,1,3,1,221.68471209341863,236.81386758930242,219.35677577665632
2024-01-04 02:00:00,CISO,California Independent System Operator,23075,5678366.0,246.0830335861322,2,3,1,218.45267489711935,272.56152196724304,255.9319538952923
2024-01-04 03:00:00,CISO,California Independent System Operator,24259,5956570.0,245.54062409827281,3,3,1,246.0830335861322,259.71888511102713,250.40230832646333
2024-01-04 04:00:00,CISO,California Independent System Operator,23768,6022285.0,253.3778609895658,4,3,1,245.54062409827281,261.5485556499575,255.57190837065104
2024-01-04 05:00:00,CISO,California Independent System Operator,23343,5912108.0,253.27113053163689,5,3,1,253.3778609895658,263.0364985547263,265.1620517278852
2024-01-04 06:00:00,CISO,California Independent System Operator,22717,5818434.0,256.1268653431351,6,3,1,253.27113053163689,263.5302918600113,277.6208168157094
2024-01-04 07:00:00,CISO,California Independent System Operator,21708,5675384.0,261.44204901418834,7,3,1,256.1268653431351,288.7790413127969,290.3261035200894
2024-01-04 08:00:00,CISO,California Independent System Operator,20537,5470200.0,266.35828017724106,8,3,1,261.44204901418834,309.4950069850468,312.497812633376
2024-01-04 09:00:00,CISO,California Independent System Operator,19528,5408318.0,276.95196640721014,9,3,1,266.35828017724106,324.1225648021828,329.0062052236701
2024-01-04 10:00:00,CISO,California Independent System Operator,18408,4939674.0,268.34387222946543,10,3,1,276.95196640721014,312.63615998251555,315.7614389201907
2024-01-04 11:00:00,CISO,California Independent System Operator,17378,4760740.0,273.9521233743814,11,3,1,268.34387222946543,319.23047116302575,328.4346422113149
2024-01-04 12:00:00,CISO,California Independent System Operator,17089,4782119.0,279.836093393411,12,3,1,273.9521233743814,322.76252110298253,328.05302683993995
2024-01-04 13:00:00,CISO,California Independent System Operator,16928,4739828.0,279.9992911153119,13,3,1,279.836093393411,309.7388232696766,328.8511137906962
2024-01-04 14:00:00,CISO,California Independent System Operator,16918,4722674.0,279.15084525357605,14,3,1,279.9992911153119,293.83698336017176,318.5019373885233
2024-01-04 15:00:00,CISO,California Independent System Operator,18203,5117946.0,281.15947920672414,15,3,1,279.15084525357605,281.80389937754,305.51557251039117
2024-01-04 16:00:00,CISO,California Independent System Operator,20197,5431390.0,268.9206317769966,16,3,1,281.15947920672414,272.39384571482924,291.8644519634984
2024-01-04 17:00:00,CISO,California Independent System Operator,22076,5650909.0,255.97522196050008,17,3,1,268.9206317769966,260.90989423561194,277.98122917075085
2024-01-04 18:00:00,CISO,California Independent System Operator,24655,5394966.0,218.81833299533562,18,3,1,255.97522196050008,236.76873146197826,234.23295203495508
2024-01-04 19:00:00,CISO,California Independent System Operator,24712,4663457.0,188.71224506312723,19,3,1,218.81833299533562,211.43215613382898,216.8472265584348
2024-01-04 20:00:00,CISO,California Independent System Operator,24081,4783187.0,198.6290851708816,20,3,1,188.71224506312723,214.86592438931459,211.69821792260691
2024-01-04 21:00:00,CISO,California Independent System Operator,23495,4714824.0,200.67350500106406,21,3,1,198.6290851708816,214.64261183323913,216.06024786502812
2024-01-04 22:00:00,CISO,California Independent System Operator,23446,4939970.0,210.69564104751345,22,3,1,200.67350500106406,224.20882196162046,239.18580989172426
2024-01-04 23:00:00,CISO,California Independent System Operator,23763,4987235.0,209.87396372511887,23,3,1,210.69564104751345,217.61931172432605,235.0655086343029
2024-01-05 00:00:00,CISO,California Independent System Operator,23322,4700672.0,201.5552697024269,0,4,1,209.87396372511887,221.68471209341863,214.81469169904958
2024-01-05 01:00:00,CISO,California Independent System Operator,21599,4737887.0,219.35677577665632,1,4,1,201.5552697024269,218.45267489711935,206.43811432388586
2024-01-05 02:00:00,CISO,California Independent System Operator,21603,5528898.0,255.9319538952923,2,4,1,219.35677577665632,246.0830335861322,255.16110347535835
2024-01-05 03:00:00,CISO,California Independent System Operator,23047,5771022.0,250.40230832646333,3,4,1,255.9319538952923,245.54062409827281,270.1567810344029
2024-01-05 04:00:00,CISO,California Independent System Operator,23224,5935402.0,255.57190837065104,4,4,1,250.40230832646333,253.3778609895658,270.18840776435457
2024-01-05 05:00:00,CISO,California Independent System Operator,23005,6100053.0,265.1620517278852,5,4,1,255.57190837065104,253.27113053163689,266.38321318701503
2024-01-05 06:00:00,CISO,California Independent System Operator,21694,6022706.0,277.6208168157094,6,4,1,265.1620517278852,256.1268653431351,283.36894188067197
2024-01-05 07:00:00,CISO,California Independent System Operator,19687,5715650.0,290.3261035200894,7,4,1,277.6208168157094,261.44204901418834,297.49160503697783
2024-01-05 08:00:00,CISO,California Independent System Operator,18744,5857459.0,312.497812633376,8,4,1,290.3261035200894,266.35828017724106,307.7901995611744
2024-01-05 09:00:00,CISO,California Independent System Operator,17727,5832293.0,329.0062052236701,9,4,1,312.497812633376,276.95196640721014,324.5107233323952
2024-01-05 10:00:00,CISO,California Independent System Operator,16151,5099863.0,315.7614389201907,10,4,1,329.0062052236701,268.34387222946543,336.0795847750865
2024-01-05 11:00:00,CISO,California Independent System Operator,15484,5085482.0,328.4346422113149,11,4,1,315.7614389201907,273.9521233743814,333.92199847055826
2024-01-05 12:00:00,CISO,California Independent System Operator,15313,5023476.0,328.05302683993995,12,4,1,328.4346422113149,279.836093393411,327.4965465872156
2024-01-05 13:00:00,CISO,California Independent System Operator,15757,5181707.0,328.8511137906962,13,4,1,328.05302683993995,279.9992911153119,330.4128688183959
2024-01-05 14:00:00,CISO,California Independent System Operator,16259,5178523.0,318.5019373885233,14,4,1,328.8511137906962,279.15084525357605,330.84413080895007
2024-01-05 15:00:00,CISO,California Independent System Operator,17563,5365770.0,305.51557251039117,15,4,1,318.5019373885233,281.15947920672414,321.0003856041131
2024-01-05 16:00:00,CISO,California Independent System Operator,19506,5693108.0,291.8644519634984,16,4,1,305.51557251039117,268.9206317769966,303.390559212477
2024-01-05 17:00:00,CISO,California Independent System Operator,20404,5671929.0,277.98122917075085,17,4,1,291.8644519634984,255.97522196050008,289.68781244612995
2024-01-05 18:00:00,CISO,California Independent System Operator,20369,4771091.0,234.23295203495508,18,4,1,277.98122917075085,218.81833299533562,216.01248251372002
2024-01-05 19:00:00,CISO,California Independent System Operator,19218,4167370.0,216.8472265584348,19,4,1,234.23295203495508,188.71224506312723,188.24136838770985
2024-01-05 20:00:00,CISO,California Independent System Operator,19640,4157753.0,211.69821792260691,20,4,1,216.8472265584348,198.6290851708816,205.0077648066831
2024-01-05 21:00:00,CISO,California Independent System Operator,19204,4149221.0,216.06024786502812,21,4,1,211.69821792260691,200.67350500106406,216.73696872493986
2024-01-05 22:00:00,CISO,California Independent System Operator,18379,4395996.0,239.18580989172426,22,4,1,216.06024786502812,210.69564104751345,212.0740641996374
2024-01-05 23:00:00,CISO,California Independent System Operator,19631,4614571.0,235.0655086343029,23,4,1,239.18580989172426,209.87396372511887,204.298044397463
2024-01-06 00:00:00,CISO,California Independent System Operator,21359,4588227.0,214.81469169904958,0,5,1,235.0655086343029,201.5552697024269,183.16255560048523
2024-01-06 01:00:00,CISO,California Independent System Operator,20958,4326530.0,206.43811432388586,1,5,1,214.81469169904958,219.35677577665632,201.65140784245983
2024-01-06 02:00:00,CISO,California Independent System Operator,20372,5198142.0,255.16110347535835,2,5,1,206.43811432388586,255.9319538952923,230.98814486006603
2024-01-06 03:00:00,CISO,California Independent System Operator,21597,5834576.0,270.1567810344029,3,5,1,255.16110347535835,250.40230832646333,225.70137680799243
2024-01-06 04:00:00,CISO,California Independent System Operator,22101,5971434.0,270.18840776435457,4,5,1,270.1567810344029,255.57190837065104,230.15399880928754
2024-01-06 05:00:00,CISO,California Independent System Operator,21779,5801560.0,266.38321318701503,5,5,1,270.18840776435457,265.1620517278852,233.03652182710303
2024-01-06 06:00:00,CISO,California Independent System Operator,20716,5870271.0,283.36894188067197,6,5,1,266.38321318701503,277.6208168157094,235.88795620437955
2024-01-06 07:00:00,CISO,California Independent System Operator,20012,5953402.0,297.49160503697783,7,5,1,283.36894188067197,290.3261035200894,242.2061331584126
2024-01-06 08:00:00,CISO,California Independent System Operator,19142,5891720.0,307.7901995611744,8,5,1,297.49160503697783,312.497812633376,254.2404517931998
2024-01-06 09:00:00,CISO,California Independent System Operator,17765,5764933.0,324.5107233323952,9,5,1,307.7901995611744,329.0062052236701,269.45970095907546
2024-01-06 10:00:00,CISO,California Independent System Operator,16473,5536239.0,336.0795847750865,10,5,1,324.5107233323952,315.7614389201907,285.1824069077172
2024-01-06 11:00:00,CISO,California Independent System Operator,15692,5239904.0,333.92199847055826,11,5,1,336.0795847750865,328.4346422113149,292.34235403151064
2024-01-06 12:00:00,CISO,California Independent System Operator,14768,4836469.0,327.4965465872156,12,5,1,333.92199847055826,328.05302683993995,296.24456183965196
2024-01-06 13:00:00,CISO,California Independent System Operator,14438,4770501.0,330.4128688183959,13,5,1,327.4965465872156,328.8511137906962,284.39164506972725
2024-01-06 14:00:00,CISO,California Independent System Operator,14525,4805511.0,330.84413080895007,14,5,1,330.4128688183959,318.5019373885233,282.2067052727827
2024-01-06 15:00:00,CISO,California Independent System Operator,15560,4994766.0,321.0003856041131,15,5,1,330.84413080895007,305.51557251039117,277.3500968253037
2024-01-06 16:00:00,CISO,California Independent System Operator,16863,5116075.0,303.390559212477,16,5,1,321.0003856041131,291.8644519634984,269.3809052411593
2024-01-06 17:00:00,CISO,California Independent System Operator,17403,5041437.0,289.68781244612995,17,5,1,303.390559212477,277.98122917075085,260.0604328729428
2024-01-06 18:00:00,CISO,California Independent System Operator,18586,4014808.0,216.01248251372002,18,5,1,289.68781244612995,234.23295203495508,183.21486433730237
2024-01-06 19:00:00,CISO,California Independent System Operator,18942,3565668.0,188.24136838770985,19,5,1,216.01248251372002,216.8472265584348,160.47339507854355
2024-01-06 20:00:00,CISO,California Independent System Operator,18674,3828315.0,205.0077648066831,20,5,1,188.24136838770985,211.69821792260691,172.48525504782145
2024-01-06 21:00:00,CISO,California Independent System Operator,18705,4054065.0,216.73696872493986,21,5,1,205.0077648066831,216.06024786502812,208.62111580351188
2024-01-06 22:00:00,CISO,California Independent System Operator,18754,3977237.0,212.0740641996374,22,5,1,216.73696872493986,239.18580989172426,214.8536703084551
2024-01-06 23:00:00,CISO,California Independent System Operator,18920,3865319.0,204.298044397463,23,5,1,212.0740641996374,235.0655086343029,215.68428079242034
2024-01-02 00:00:00,NYIS,New York Independent System Operator,16374,4043834.0,246.9667765970441,0,1,1,250.10099607606398,250.2977089466274,242.73043962159153
2024-01-02 01:00:00,NYIS,New York Independent System Operator,16314,4048798.0,248.17935515508154,1,1,1,246.9667765970441,248.9051655629139,242.44722910565443
2024-01-02 02:00:00,NYIS,New York Independent System Operator,15970,3969087.0,248.5339386349405,2,1,1,248.17935515508154,246.9036919201962,240.69425393349087
2024-01-02 03:00:00,NYIS,New York Independent System Operator,15277,3735673.0,244.52922694246251,3,1,1,248.5339386349405,246.20247514708865,232.14184871904095
2024-01-02 04:00:00,NYIS,New York Independent System Operator,14651,3495078.0,238.55559347484814,4,1,1,244.52922694246251,242.61995099754986,227.20193485972268
2024-01-02 05:00:00,NYIS,New York Independent System Operator,14170,3305837.0,233.2983062808751,5,1,1,238.55559347484814,242.88611315209405,224.53065510466772
2024-01-02 06:00:00,NYIS,New York Independent System Operator,13708,3358739.0,245.0203530784943,6,1,1,233.2983062808751,244.41246624662466,228.6556590460062
2024-01-02 07:00:00,NYIS,New York Independent System Operator,13474,3297104.0,244.70120231557073,7,1,1,245.0203530784943,245.6832756284811,226.58614177803602
2024-01-02 08:00:00,NYIS,New York Independent System Operator,13249,3211980.0,242.4318816514454,8,1,1,244.70120231557073,241.67763713080168,230.367680805389
2024-01-02 09:00:00,NYIS,New York Independent System Operator,13317,3215976.0,241.49403018697905,9,1,1,242.4318816514454,237.61539653035936,235.5404457435148
2024-01-02 10:00:00,NYIS,New York Independent System Operator,13551,3284422.0,242.37488008265072,10,1,1,241.49403018697905,235.45079839534336,241.58095643536257
2024-01-02 11:00:00,NYIS,New York Independent System Operator,14368,3566760.0,248.2433184855234,11,1,1,242.37488008265072,237.60907395898073,251.3360473723168
2024-01-02 12:00:00,NYIS,New York Independent System Operator,15370,3727462.0,242.51541964866624,12,1,1,248.2433184855234,241.5325439380399,252.94021369896856
2024-01-02 13:00:00,NYIS,New York Independent System Operator,16126,3844978.0,238.43346149076027,13,1,1,242.51541964866624,231.59920260964117,248.81529411764706
2024-01-02 14:00:00,NYIS,New York Independent System Operator,16590,3929298.0,236.84737793851718,14,1,1,238.43346149076027,230.3913947651488,250.2406037827352
2024-01-02 15:00:00,NYIS,New York Independent System Operator,16082,3736118.0,232.316751647805,15,1,1,236.84737793851718,234.57557894736843,247.1828589108911
2024-01-02 16:00:00,NYIS,New York Independent System Operator,15724,3604918.0,229.2621470363775,16,1,1,232.316751647805,232.19742670322717,244.10398474972328
2024-01-02 17:00:00,NYIS,New York Independent System Operator,15588,3557710.0,228.23389787015654,17,1,1,229.2621470363775,230.72190772714407,244.23518045253383
2024-01-02 18:00:00,NYIS,New York Independent System Operator,15582,3557073.0,228.28090103966116,18,1,1,228.23389787015654,231.49369851439837,241.50651607298002
2024-01-02 19:00:00,NYIS,New York Independent System Operator,15825,3634851.0,229.69042654028436,19,1,1,228.28090103966116,233.95558948025814,240.5394956941949
2024-01-02 20:00:00,NYIS,New York Independent System Operator,15856,3689654.0,232.6976538849647,20,1,1,229.69042654028436,238.201351904957,245.58618600424114
2024-01-02 21:00:00,NYIS,New York Independent System Operator,16068,3758644.0,233.9210853871048,21,1,1,232.6976538849647,238.42904841402338,249.52724320423383
2024-01-02 22:00:00,NYIS,New York Independent System Operator,16968,4108825.0,242.15140264026402,22,1,1,233.9210853871048,246.6281222264486,252.75809480452966
2024-01-02 23:00:00,NYIS,New York Independent System Operator,17857,4376913.0,245.10908887271097,23,1,1,242.15140264026402,250.10099607606398,255.3969634842356
2024-01-03 00:00:00,NYIS,New York Independent System Operator,17970,4361866.0,242.73043962159153,0,2,1,245.10908887271097,246.9667765970441,256.19617927994125
2024-01-03 01:00:00,NYIS,New York Independent System Operator,17756,4304893.0,242.44722910565443,1,2,1,242.73043962159153,248.17935515508154,253.42554668517874
2024-01-03 02:00:00,NYIS,New York Independent System Operator,17351,4176286.0,240.69425393349087,2,2,1,242.44722910565443,248.5339386349405,248.9094247246022
2024-01-03 03:00:00,NYIS,New York Independent System Operator,16433,3814787.0,232.14184871904095,3,2,1,240.69425393349087,244.52922694246251,244.12699969353355
2024-01-03 04:00:00,NYIS,New York Independent System Operator,15505,3522766.0,227.20193485972268,4,2,1,232.14184871904095,238.55559347484814,243.05523083995533
2024-01-03 05:00:00,NYIS,New York Independent System Operator,14761,3314297.0,224.53065510466772,5,2,1,227.20193485972268,233.2983062808751,250.70281040268458
2024-01-03 06:00:00,NYIS,New York Independent System Operator,14172,3240508.0,228.6556590460062,6,2,1,224.53065510466772,245.0203530784943,251.71533955304838
2024-01-03 07:00:00,NYIS,New York Independent System Operator,13768,3119638.0,226.58614177803602,7,2,1,228.6556590460062,244.70120231557073,250.49073382155134
2024-01-03 08:00:00,NYIS,New York Independent System Operator,13509,3112037.0,230.367680805389,8,2,1,226.58614177803602,242.4318816514454,247.29938977879482
2024-01-03 09:00:00,NYIS,New York Independent System Operator,13685,3223371.0,235.5404457435148,9,2,1,230.367680805389,241.49403018697905,247.19049056603774
2024-01-03 10:00:00,NYIS,New York Independent System Operator,14094,3404842.0,241.58095643536257,10,2,1,235.5404457435148,242.37488008265072,247.57782404997397
2024-01-03 11:00:00,NYIS,New York Independent System Operator,14861,3735105.0,251.3360473723168,11,2,1,241.58095643536257,248.2433184855234,248.2525175886329
2024-01-03 12:00:00,NYIS,New York Independent System Operator,16191,4095355.0,252.94021369896856,12,2,1,251.3360473723168,242.51541964866624,244.99830960275665
2024-01-03 13:00:00,NYIS,New York Independent System Operator,17000,4229860.0,248.81529411764706,13,2,1,252.94021369896856,238.43346149076027,243.83292131444077
2024-01-03 14:00:00,NYIS,New York Independent System Operator,16496,4127969.0,250.2406037827352,14,2,1,248.81529411764706,236.84737793851718,241.7406386675454
2024-01-03 15:00:00,NYIS,New York Independent System Operator,16160,3994475.0,247.1828589108911,15,2,1,250.2406037827352,232.316751647805,239.93275954814416
2024-01-03 16:00:00,NYIS,New York Independent System Operator,16262,3969619.0,244.10398474972328,16,2,1,247.1828589108911,229.2621470363775,239.71414936769267
2024-01-03 17:00:00,NYIS,New York Independent System Operator,16043,3918265.0,244.23518045253383,17,2,1,244.10398474972328,228.23389787015654,240.7366858527719
2024-01-03 18:00:00,NYIS,New York Independent System Operator,16114,3891636.0,241.50651607298002,18,2,1,244.23518045253383,228.28090103966116,235.12909563343683
2024-01-03 19:00:00,NYIS,New York Independent System Operator,16141,3882548.0,240.5394956941949,19,2,1,241.50651607298002,229.69042654028436,231.568827850527
2024-01-03 20:00:00,NYIS,New York Independent System Operator,16505,4053400.0,245.58618600424114,20,2,1,240.5394956941949,232.6976538849647,234.22031892363273
2024-01-03 21:00:00,NYIS,New York Independent System Operator,16628,4149139.0,249.52724320423383,21,2,1,245.58618600424114,233.9210853871048,241.4022096148104
2024-01-03 22:00:00,NYIS,New York Independent System Operator,17573,4441718.0,252.75809480452966,22,2,1,249.52724320423383,242.15140264026402,245.44640511678372
2024-01-03 23:00:00,NYIS,New York Independent System Operator,18047,4609149.0,255.3969634842356,23,2,1,252.75809480452966,245.10908887271097,249.47457905994625
2024-01-04 00:00:00,NYIS,New York Independent System Operator,17693,4532879.0,256.19617927994125,0,3,1,255.3969634842356,242.73043962159153,249.34382674704176
2024-01-04 01:00:00,NYIS,New York Independent System Operator,17286,4380714.0,253.42554668517874,1,3,1,256.19617927994125,242.44722910565443,249.4607408228901
2024-01-04 02:00:00,NYIS,New York Independent System Operator,17157,4270539.0,248.9094247246022,2,3,1,253.42554668517874,240.69425393349087,249.2373423044575
2024-01-04 03:00:00,NYIS,New York Independent System Operator,16315,3982932.0,244.12699969353355,3,3,1,248.9094247246022,232.14184871904095,251.7287862204044
2024-01-04 04:00:00,NYIS,New York Independent System Operator,15227,3701002.0,243.05523083995533,4,3,1,244.12699969353355,227.20193485972268,255.9547525053143
2024-01-04 05:00:00,NYIS,New York Independent System Operator,14304,3586053.0,250.70281040268458,5,3,1,243.05523083995533,224.53065510466772,258.78294372855015
2024-01-04 06:00:00,NYIS,New York Independent System Operator,13827,3480468.0,251.71533955304838,6,3,1,250.70281040268458,228.6556590460062,240.18888651116342
2024-01-04 07:00:00,NYIS,New York Independent System Operator,13382,3352067.0,250.49073382155134,7,3,1,251.71533955304838,226.58614177803602,239.75123834498834
2024-01-04 08:00:00,NYIS,New York Independent System Operator,13110,3242095.0,247.29938977879482,8,3,1,250.49073382155134,230.367680805389,245.26522564626845
2024-01-04 09:00:00,NYIS,New York Independent System Operator,13250,3275274.0,247.19049056603774,9,3,1,247.29938977879482,235.5404457435148,248.4502038439138
2024-01-04 10:00:00,NYIS,New York Independent System Operator,13447,3329179.0,247.57782404997397,10,3,1,247.19049056603774,241.58095643536257,247.10419100467288
2024-01-04 11:00:00,NYIS,New York Independent System Operator,14498,3599165.0,248.2525175886329,11,3,1,247.57782404997397,251.3360473723168,247.84351277944145
2024-01-04 12:00:00,NYIS,New York Independent System Operator,15381,3768319.0,244.99830960275665,12,3,1,248.2525175886329,252.94021369896856,248.2262290743069
2024-01-04 13:00:00,NYIS,New York Independent System Operator,16585,4043969.0,243.83292131444077,13,3,1,244.99830960275665,248.81529411764706,248.80079244132887
2024-01-04 14:00:00,NYIS,New York Independent System Operator,16691,4034893.0,241.7406386675454,14,3,1,243.83292131444077,250.2406037827352,249.41305418719213
2024-01-04 15:00:00,NYIS,New York Independent System Operator,16731,4014315.0,239.93275954814416,15,3,1,241.7406386675454,247.1828589108911,246.3147842056933
2024-01-04 16:00:00,NYIS,New York Independent System Operator,16764,4018568.0,239.71414936769267,16,3,1,239.93275954814416,244.10398474972328,242.6457026927333
2024-01-04 17:00:00,NYIS,New York Independent System Operator,16505,3973359.0,240.7366858527719,17,3,1,239.71414936769267,244.23518045253383,231.2994546037857
2024-01-04 18:00:00,NYIS,New York Independent System Operator,15779,3710102.0,235.12909563343683,18,3,1,240.7366858527719,241.50651607298002,227.59459459459458
2024-01-04 19:00:00,NYIS,New York Independent System Operator,15655,3625210.0,231.568827850527,19,3,1,235.12909563343683,240.5394956941949,230.67403490890558
2024-01-04 20:00:00,NYIS,New York Independent System Operator,16054,3760173.0,234.22031892363273,20,3,1,231.568827850527,245.58618600424114,231.32906593748058
2024-01-04 21:00:00,NYIS,New York Independent System Operator,16745,4042280.0,241.4022096148104,21,3,1,234.22031892363273,249.52724320423383,234.75403201449714
2024-01-04 22:00:00,NYIS,New York Independent System Operator,17511,4298012.0,245.44640511678372,22,3,1,241.4022096148104,252.75809480452966,238.7760949652067
2024-01-04 23:00:00,NYIS,New York Independent System Operator,18233,4548670.0,249.47457905994625,23,3,1,245.44640511678372,255.3969634842356,240.27295030524334
2024-01-05 00:00:00,NYIS,New York Independent System Operator,17916,4467244.0,249.34382674704176,0,4,1,249.47457905994625,256.19617927994125,237.9156333432216
2024-01-05 01:00:00,NYIS,New York Independent System Operator,18034,4498775.0,249.4607408228901,1,4,1,249.34382674704176,253.42554668517874,241.47269843206638
2024-01-05 02:00:00,NYIS,New York Independent System Operator,17835,4445148.0,249.2373423044575,2,4,1,249.4607408228901,248.9094247246022,241.35254947900611
2024-01-05 03:00:00,NYIS,New York Independent System Operator,17359,4369760.0,251.7287862204044,3,4,1,249.2373423044575,244.12699969353355,240.70215189873417
2024-01-05 04:00:00,NYIS,New York Independent System Operator,16465,4214295.0,255.9547525053143,4,4,1,251.7287862204044,243.05523083995533,240.8396699669967
2024-01-05 05:00:00,NYIS,New York Independent System Operator,15443,3996385.0,258.78294372855015,5,4,1,255.9547525053143,250.70281040268458,246.01706700379268
2024-01-05 06:00:00,NYIS,New York Independent System Operator,14019,3367208.0,240.18888651116342,6,4,1,258.78294372855015,251.71533955304838,244.45476900149032
2024-01-05 07:00:00,NYIS,New York Independent System Operator,13728,3291305.0,239.75123834498834,7,4,1,240.18888651116342,250.49073382155134,243.75322703113136
2024-01-05 08:00:00,NYIS,New York Independent System Operator,13694,3358662.0,245.26522564626845,8,4,1,239.75123834498834,247.29938977879482,245.394316706134
2024-01-05 09:00:00,NYIS,New York Independent System Operator,13736,3412712.0,248.4502038439138,9,4,1,245.26522564626845,247.19049056603774,243.91190367322054
2024-01-05 10:00:00,NYIS,New York Independent System Operator,13696,3384339.0,247.10419100467288,10,4,1,248.4502038439138,247.57782404997397,244.35048134777378
2024-01-05 11:00:00,NYIS,New York Independent System Operator,14359,3558785.0,247.84351277944145,11,4,1,247.10419100467288,248.2525175886329,243.49
2024-01-05 12:00:00,NYIS,New York Independent System Operator,15113,3751443.0,248.2262290743069,12,4,1,247.84351277944145,244.99830960275665,243.17147950089125
2024-01-05 13:00:00,NYIS,New York Independent System Operator,16405,4081577.0,248.80079244132887,13,4,1,248.2262290743069,243.83292131444077,238.2636309167166
2024-01-05 14:00:00,NYIS,New York Independent System Operator,16240,4050468.0,249.41305418719213,14,4,1,248.80079244132887,241.7406386675454,235.53052287581698
2024-01-05 15:00:00,NYIS,New York Independent System Operator,16335,4023552.0,246.3147842056933,15,4,1,249.41305418719213,239.93275954814416,239.41801151825834
2024-01-05 16:00:00,NYIS,New York Independent System Operator,16266,3946875.0,242.6457026927333,16,4,1,246.3147842056933,239.71414936769267,241.33835887296095
2024-01-05 17:00:00,NYIS,New York Independent System Operator,15585,3604802.0,231.2994546037857,17,4,1,242.6457026927333,240.7366858527719,242.3598577045497
2024-01-05 18:00:00,NYIS,New York Independent System Operator,15392,3503136.0,227.59459459459458,18,4,1,231.2994546037857,235.12909563343683,246.58984255345217
2024-01-05 19:00:00,NYIS,New York Independent System Operator,15698,3621121.0,230.67403490890558,19,4,1,227.59459459459458,231.568827850527,245.6784839578741
2024-01-05 20:00:00,NYIS,New York Independent System Operator,16091,3722316.0,231.32906593748058,20,4,1,230.67403490890558,234.22031892363273,244.46775077653936
2024-01-05 21:00:00,NYIS,New York Independent System Operator,16555,3886353.0,234.75403201449714,21,4,1,231.32906593748058,241.4022096148104,241.96009791921665
2024-01-05 22:00:00,NYIS,New York Independent System Operator,17101,4083310.0,238.7760949652067,22,4,1,234.75403201449714,245.44640511678372,241.1015815085158
2024-01-05 23:00:00,NYIS,New York Independent System Operator,17527,4211264.0,240.27295030524334,23,4,1,238.7760949652067,249.47457905994625,246.2929252782194
2024-01-06 00:00:00,NYIS,New York Independent System Operator,16855,4010068.0,237.9156333432216,0,5,1,240.27295030524334,249.34382674704176,244.92619074428555
2024-01-06 01:00:00,NYIS,New York Independent System Operator,16391,3957979.0,241.47269843206638,1,5,1,237.9156333432216,249.4607408228901,246.64821662210593
2024-01-06 02:00:00,NYIS,New York Independent System Operator,16219,3914497.0,241.35254947900611,2,5,1,241.47269843206638,249.2373423044575,250.37081087415046
2024-01-06 03:00:00,NYIS,New York Independent System Operator,15800,3803094.0,240.70215189873417,3,5,1,241.35254947900611,251.7287862204044,248.48152612862395
2024-01-06 04:00:00,NYIS,New York Independent System Operator,15150,3648721.0,240.8396699669967,4,5,1,240.70215189873417,255.9547525053143,245.6705134854772
2024-01-06 05:00:00,NYIS,New York Independent System Operator,14238,3502791.0,246.01706700379268,5,5,1,240.8396699669967,258.78294372855015,253.96234224453792
2024-01-06 06:00:00,NYIS,New York Independent System Operator,13420,3280583.0,244.45476900149032,6,5,1,246.01706700379268,240.18888651116342,256.97021515172753
2024-01-06 07:00:00,NYIS,New York Independent System Operator,13170,3210230.0,243.75322703113136,7,5,1,244.45476900149032,239.75123834498834,252.977520045819
2024-01-06 08:00:00,NYIS,New York Independent System Operator,13091,3212457.0,245.394316706134,8,5,1,243.75322703113136,245.26522564626845,252.86066460030275
2024-01-06 09:00:00,NYIS,New York Independent System Operator,13122,3200612.0,243.91190367322054,9,5,1,245.394316706134,248.4502038439138,249.55351593553516
2024-01-06 10:00:00,NYIS,New York Independent System Operator,13296,3248884.0,244.35048134777378,10,5,1,243.91190367322054,247.10419100467288,251.95246301881372
2024-01-06 11:00:00,NYIS,New York Independent System Operator,13500,3287115.0,243.49,11,5,1,244.35048134777378,247.84351277944145,255.09862974593207
2024-01-06 12:00:00,NYIS,New York Independent System Operator,14025,3410480.0,243.17147950089125,12,5,1,243.49,248.2262290743069,253.53380535887825
2024-01-06 13:00:00,NYIS,New York Independent System Operator,15021,3578958.0,238.2636309167166,13,5,1,243.17147950089125,248.80079244132887,255.31843349088453
2024-01-06 14:00:00,NYIS,New York Independent System Operator,15300,3603617.0,235.53052287581698,14,5,1,238.2636309167166,249.41305418719213,250.54480852743782
2024-01-06 15:00:00,NYIS,New York Independent System Operator,15801,3783044.0,239.41801151825834,15,5,1,235.53052287581698,246.3147842056933,253.5415923566879
2024-01-06 16:00:00,NYIS,New York Independent System Operator,16184,3905820.0,241.33835887296095,16,5,1,239.41801151825834,242.6457026927333,250.97840351659553
2024-01-06 17:00:00,NYIS,New York Independent System Operator,16023,3883332.0,242.3598577045497,17,5,1,241.33835887296095,231.2994546037857,248.55815415566454
2024-01-06 18:00:00,NYIS,New York Independent System Operator,16323,4025086.0,246.58984255345217,18,5,1,242.3598577045497,227.59459459459458,253.6028474156608
2024-01-06 19:00:00,NYIS,New York Independent System Operator,16332,4012421.0,245.6784839578741,19,5,1,246.58984255345217,230.67403490890558,254.11222780569514
2024-01-06 20:00:00,NYIS,New York Independent System Operator,16419,4013916.0,244.46775077653936,20,5,1,245.6784839578741,231.32906593748058,253.51755639798645
2024-01-06 21:00:00,NYIS,New York Independent System Operator,16340,3953628.0,241.96009791921665,21,5,1,244.46775077653936,234.75403201449714,255.7575868820362
2024-01-06 22:00:00,NYIS,New York Independent System Operator,16440,3963710.0,241.1015815085158,22,5,1,241.96009791921665,238.7760949652067,256.8492216724991
2024-01-06 23:00:00,NYIS,New York Independent System Operator,17612,4337711.0,246.2929252782194,23,5,1,241.1015815085158,240.27295030524334,258.93256433007986
2024-01-02 00:00:00,PJM,"PJM Interconnection, LLC",100837,36598941.0,362.9515058956534,0,1,1,362.18977387352976,341.31028331267197,360.5008867333828
2024-01-02 01:00:00,PJM,"PJM Interconnection, LLC",99775,36606026.0,366.8857529441243,1,1,1,362.9515058956534,341.8034255249612,364.6386226383733
2024-01-02 02:00:00,PJM,"PJM Interconnection, LLC",98357,36331251.0,369.3814471771201,2,1,1,366.8857529441243,345.0052468524101,376.3223783620429
2024-01-02 03:00:00,PJM,"PJM Interconnection, LLC",95729,35604704.0,371.93226712908313,3,1,1,369.3814471771201,339.7271406907452,374.68620102548044
2024-01-02 04:00:00,PJM,"PJM Interconnection, LLC",93894,34347754.0,365.8141521289965,4,1,1,371.93226712908313,341.0641903109369,372.1634580676212
2024-01-02 05:00:00,PJM,"PJM Interconnection, LLC",91966,31324740.0,340.6121827631951,5,1,1,365.8141521289965,343.6283699893579,353.2951882406211
2024-01-02 06:00:00,PJM,"PJM Interconnection, LLC",89962,31084743.0,345.53192459038263,6,1,1,340.6121827631951,340.9216339046159,371.4699932499091
2024-01-02 07:00:00,PJM,"PJM Interconnection, LLC",89617,30448161.0,339.7587622884051,7,1,1,345.53192459038263,334.92787328396054,376.39728073337795
2024-01-02 08:00:00,PJM,"PJM Interconnection, LLC",89735,30567686.0,340.6439627792946,8,1,1,339.7587622884051,333.7603887511259,374.28758697813123
2024-01-02 09:00:00,PJM,"PJM Interconnection, LLC",89114,30038025.0,337.074140987948,9,1,1,340.6439627792946,331.7421868849878,375.4701082190792
2024-01-02 10:00:00,PJM,"PJM Interconnection, LLC",92442,31293008.0,338.5150472728846,10,1,1,337.074140987948,335.2437678062678,375.9998286307598
2024-01-02 11:00:00,PJM,"PJM Interconnection, LLC",97810,32912641.0,336.4956650649218,11,1,1,338.5150472728846,334.33979535090646,370.806292692632
2024-01-02 12:00:00,PJM,"PJM Interconnection, LLC",104175,36049878.0,346.05114470842335,12,1,1,336.4956650649218,337.2149300087007,379.07084476014927
2024-01-02 13:00:00,PJM,"PJM Interconnection, LLC",105961,37134314.0,350.4526571096913,13,1,1,346.05114470842335,341.4800592611959,385.9655157062469
2024-01-02 14:00:00,PJM,"PJM Interconnection, LLC",106143,36843006.0,347.1072609592719,14,1,1,350.4526571096913,342.57920845233747,378.9202123270717
2024-01-02 15:00:00,PJM,"PJM Interconnection, LLC",104914,36974129.0,352.42321329851114,15,1,1,347.1072609592719,349.9260845082394,378.96606474514795
2024-01-02 16:00:00,PJM,"PJM Interconnection, LLC",102628,35117870.0,342.1860505904821,16,1,1,352.42321329851114,349.772657062699,375.7122000465947
2024-01-02 17:00:00,PJM,"PJM Interconnection, LLC",102367,34646123.0,338.4501157599617,17,1,1,342.1860505904821,353.69454886228425,372.32241632427855
2024-01-02 18:00:00,PJM,"PJM Interconnection, LLC",102859,34886287.0,339.1661108896645,18,1,1,338.4501157599617,359.1435430670953,374.62471380207825
2024-01-02 19:00:00,PJM,"PJM Interconnection, LLC",102301,34827344.0,340.43991749836266,19,1,1,339.1661108896645,360.153058775655,375.8564077889176
2024-01-02 20:00:00,PJM,"PJM Interconnection, LLC",101495,34691701.0,341.8069954184935,20,1,1,340.43991749836266,359.4707316310904,376.81914883070795
2024-01-02 21:00:00,PJM,"PJM Interconnection, LLC",102745,36148618.0,351.82848800428246,21,1,1,341.8069954184935,363.8239394989502,380.34775747184665
2024-01-02 22:00:00,PJM,"PJM Interconnection, LLC",107965,38278774.0,354.54799240494606,22,1,1,351.82848800428246,365.4559235120271,381.7785208643815
2024-01-02 23:00:00,PJM,"PJM Interconnection, LLC",110981,39568596.0,356.5348663284706,23,1,1,354.54799240494606,362.18977387352976,379.57189451897847
2024-01-03 00:00:00,PJM,"PJM Interconnection, LLC",110518,39841837.0,360.5008867333828,0,2,1,356.5348663284706,362.9515058956534,385.3725813778845
2024-01-03 01:00:00,PJM,"PJM Interconnection, LLC",108294,39488175.0,364.6386226383733,1,2,1,360.5008867333828,366.8857529441243,392.5032242342444
2024-01-03 02:00:00,PJM,"PJM Interconnection, LLC",105888,39848024.0,376.3223783620429,2,2,1,364.6386226383733,369.3814471771201,396.7468054627065
2024-01-03 03:00:00,PJM,"PJM Interconnection, LLC",102196,38291431.0,374.68620102548044,3,2,1,376.3223783620429,371.93226712908313,393.1052108095205
2024-01-03 04:00:00,PJM,"PJM Interconnection, LLC",99732,37116606.0,372.1634580676212,4,2,1,374.68620102548044,365.8141521289965,387.5488136518495
2024-01-03 05:00:00,PJM,"PJM Interconnection, LLC",90549,31990526.0,353.2951882406211,5,2,1,372.1634580676212,340.6121827631951,369.5690825217837
2024-01-03 06:00:00,PJM,"PJM Interconnection, LLC",96295,35770703.0,371.4699932499091,6,2,1,353.2951882406211,345.53192459038263,375.79185245024496
2024-01-03 07:00:00,PJM,"PJM Interconnection, LLC",97085,36542530.0,376.39728073337795,7,2,1,371.4699932499091,339.7587622884051,375.54130430182613
2024-01-03 08:00:00,PJM,"PJM Interconnection, LLC",96576,36147198.0,374.28758697813123,8,2,1,376.39728073337795,340.6439627792946,372.74439996593134
2024-01-03 09:00:00,PJM,"PJM Interconnection, LLC",96933,36395444.0,375.4701082190792,9,2,1,374.28758697813123,337.074140987948,373.4422645151814
2024-01-03 10:00:00,PJM,"PJM Interconnection, LLC",99201,37299559.0,375.9998286307598,10,2,1,375.4701082190792,338.5150472728846,375.9176658256355
2024-01-03 11:00:00,PJM,"PJM Interconnection, LLC",105551,39138975.0,370.806292692632,11,2,1,375.9998286307598,336.4956650649218,380.6752845464857
2024-01-03 12:00:00,PJM,"PJM Interconnection, LLC",111215,42158364.0,379.07084476014927,12,2,1,370.806292692632,346.05114470842335,373.1508793379103
2024-01-03 13:00:00,PJM,"PJM Interconnection, LLC",112312,43348559.0,385.9655157062469,13,2,1,379.07084476014927,350.4526571096913,377.51899770868033
2024-01-03 14:00:00,PJM,"PJM Interconnection, LLC",109077,41331480.0,378.9202123270717,14,2,1,385.9655157062469,347.1072609592719,382.25620913830676
2024-01-03 15:00:00,PJM,"PJM Interconnection, LLC",103668,39286654.0,378.96606474514795,15,2,1,378.9202123270717,352.42321329851114,392.4128199458234
2024-01-03 16:00:00,PJM,"PJM Interconnection, LLC",103016,38704368.0,375.7122000465947,16,2,1,378.96606474514795,342.1860505904821,387.22552250047073
2024-01-03 17:00:00,PJM,"PJM Interconnection, LLC",101493,37788119.0,372.32241632427855,17,2,1,375.7122000465947,338.4501157599617,384.8968366023048
2024-01-03 18:00:00,PJM,"PJM Interconnection, LLC",102202,38287395.0,374.62471380207825,18,2,1,372.32241632427855,339.1661108896645,389.9890473764646
2024-01-03 19:00:00,PJM,"PJM Interconnection, LLC",101837,38276089.0,375.8564077889176,19,2,1,374.62471380207825,340.43991749836266,387.0906046971758
2024-01-03 20:00:00,PJM,"PJM Interconnection, LLC",100873,38010878.0,376.81914883070795,20,2,1,375.8564077889176,341.8069954184935,383.7545518944688
2024-01-03 21:00:00,PJM,"PJM Interconnection, LLC",102652,39043458.0,380.34775747184665,21,2,1,376.81914883070795,351.82848800428246,383.5932142212597
2024-01-03 22:00:00,PJM,"PJM Interconnection, LLC",107360,40987742.0,381.7785208643815,22,2,1,380.34775747184665,354.54799240494606,375.0100413521137
2024-01-03 23:00:00,PJM,"PJM Interconnection, LLC",108228,41080307.0,379.57189451897847,23,2,1,381.7785208643815,356.5348663284706,383.63334014736074
2024-01-04 00:00:00,PJM,"PJM Interconnection, LLC",107861,41566672.0,385.3725813778845,0,3,1,379.57189451897847,360.5008867333828,387.24883433839267
2024-01-04 01:00:00,PJM,"PJM Interconnection, LLC",106692,41876954.0,392.5032242342444,1,3,1,385.3725813778845,364.6386226383733,388.9119581144348
2024-01-04 02:00:00,PJM,"PJM Interconnection, LLC",104710,41543358.0,396.7468054627065,2,3,1,392.5032242342444,376.3223783620429,391.3501035702333
2024-01-04 03:00:00,PJM,"PJM Interconnection, LLC",100541,39523191.0,393.1052108095205,3,3,1,396.7468054627065,374.68620102548044,405.29150414831025
2024-01-04 04:00:00,PJM,"PJM Interconnection, LLC",98917,38335166.0,387.5488136518495,4,3,1,393.1052108095205,372.1634580676212,407.4525110839321
2024-01-04 05:00:00,PJM,"PJM Interconnection, LLC",97550,36051464.0,369.5690825217837,5,3,1,387.5488136518495,353.2951882406211,378.2701053335563
2024-01-04 06:00:00,PJM,"PJM Interconnection, LLC",95317,35819352.0,375.79185245024496,6,3,1,369.5690825217837,371.4699932499091,397.89714240528224
2024-01-04 07:00:00,PJM,"PJM Interconnection, LLC",94518,35495413.0,375.54130430182613,7,3,1,375.79185245024496,376.39728073337795,395.40083084048064
2024-01-04 08:00:00,PJM,"PJM Interconnection, LLC",93928,35011136.0,372.74439996593134,8,3,1,375.54130430182613,374.28758697813123,393.7115972525509
2024-01-04 09:00:00,PJM,"PJM Interconnection, LLC",95314,35594276.0,373.4422645151814,9,3,1,372.74439996593134,375.4701082190792,384.82456917338374
2024-01-04 10:00:00,PJM,"PJM Interconnection, LLC",95914,36055767.0,375.9176658256355,10,3,1,373.4422645151814,375.9998286307598,381.9835299438435
2024-01-04 11:00:00,PJM,"PJM Interconnection, LLC",102268,38930900.0,380.6752845464857,11,3,1,375.9176658256355,370.806292692632,380.90708565708564
2024-01-04 12:00:00,PJM,"PJM Interconnection, LLC",106330,39677133.0,373.1508793379103,12,3,1,380.6752845464857,379.07084476014927,386.00052399646086
2024-01-04 13:00:00,PJM,"PJM Interconnection, LLC",108671,41025367.0,377.51899770868033,13,3,1,373.1508793379103,385.9655157062469,391.375302167061
2024-01-04 14:00:00,PJM,"PJM Interconnection, LLC",108751,41570745.0,382.25620913830676,14,3,1,377.51899770868033,378.9202123270717,386.2852377724662
2024-01-04 15:00:00,PJM,"PJM Interconnection, LLC",108534,42590133.0,392.4128199458234,15,3,1,382.25620913830676,378.96606474514795,383.9204686832674
2024-01-04 16:00:00,PJM,"PJM Interconnection, LLC",106220,41131095.0,387.22552250047073,16,3,1,392.4128199458234,375.7122000465947,385.22108059724235
2024-01-04 17:00:00,PJM,"PJM Interconnection, LLC",104824,40346426.0,384.8968366023048,17,3,1,387.22552250047073,372.32241632427855,380.2767708761022
2024-01-04 18:00:00,PJM,"PJM Interconnection, LLC",106002,41339619.0,389.9890473764646,18,3,1,384.8968366023048,374.62471380207825,379.213692743432
2024-01-04 19:00:00,PJM,"PJM Interconnection, LLC",105127,40693674.0,387.0906046971758,19,3,1,389.9890473764646,375.8564077889176,375.8675080100726
2024-01-04 20:00:00,PJM,"PJM Interconnection, LLC",104462,40087768.0,383.7545518944688,20,3,1,387.0906046971758,376.81914883070795,381.50872276871286
2024-01-04 21:00:00,PJM,"PJM Interconnection, LLC",105279,40384310.0,383.5932142212597,21,3,1,383.7545518944688,380.34775747184665,389.5927819112958
2024-01-04 22:00:00,PJM,"PJM Interconnection, LLC",109547,41081225.0,375.0100413521137,22,3,1,383.5932142212597,381.7785208643815,383.79969062767594
2024-01-04 23:00:00,PJM,"PJM Interconnection, LLC",112513,43163738.0,383.63334014736074,23,3,1,375.0100413521137,379.57189451897847,388.54603240812105
2024-01-05 00:00:00,PJM,"PJM Interconnection, LLC",112597,43603057.0,387.24883433839267,0,4,1,383.63334014736074,385.3725813778845,385.95954330188334
2024-01-05 01:00:00,PJM,"PJM Interconnection, LLC",111924,43528582.0,388.9119581144348,1,4,1,387.24883433839267,392.5032242342444,388.04318730852174
2024-01-05 02:00:00,PJM,"PJM Interconnection, LLC",110553,43264928.0,391.3501035702333,2,4,1,388.9119581144348,396.7468054627065,393.2595924847843
2024-01-05 03:00:00,PJM,"PJM Interconnection, LLC",106911,43330120.0,405.29150414831025,3,4,1,391.3501035702333,393.1052108095205,391.2654294430538
2024-01-05 04:00:00,PJM,"PJM Interconnection, LLC",104656,42642350.0,407.4525110839321,4,4,1,405.29150414831025,387.5488136518495,386.6997636405342
2024-01-05 05:00:00,PJM,"PJM Interconnection, LLC",95696,36198936.0,378.2701053335563,5,4,1,407.4525110839321,369.5690825217837,402.09597017714697
2024-01-05 06:00:00,PJM,"PJM Interconnection, LLC",101169,40254856.0,397.89714240528224,6,4,1,378.2701053335563,375.79185245024496,382.494146477075
2024-01-05 07:00:00,PJM,"PJM Interconnection, LLC",100621,39785627.0,395.40083084048064,7,4,1,397.89714240528224,375.54130430182613,379.8235269588424
2024-01-05 08:00:00,PJM,"PJM Interconnection, LLC",100748,39665656.0,393.7115972525509,8,4,1,395.40083084048064,372.74439996593134,372.81828543941106
2024-01-05 09:00:00,PJM,"PJM Interconnection, LLC",101607,39100870.0,384.82456917338374,9,4,1,393.7115972525509,373.4422645151814,375.9273552898341
2024-01-05 10:00:00,PJM,"PJM Interconnection, LLC",106132,40540676.0,381.9835299438435,10,4,1,384.82456917338374,375.9176658256355,376.884886046825
2024-01-05 11:00:00,PJM,"PJM Interconnection, LLC",111888,42618932.0,380.90708565708564,11,4,1,381.9835299438435,380.6752845464857,376.51647121037735
2024-01-05 12:00:00,PJM,"PJM Interconnection, LLC",116413,44935479.0,386.00052399646086,12,4,1,380.90708565708564,373.1508793379103,374.88058431428163
2024-01-05 13:00:00,PJM,"PJM Interconnection, LLC",117071,45818698.0,391.375302167061,13,4,1,386.00052399646086,377.51899770868033,381.8588689327594
2024-01-05 14:00:00,PJM,"PJM Interconnection, LLC",112124,43311846.0,386.2852377724662,14,4,1,391.375302167061,382.25620913830676,377.57134092900964
2024-01-05 15:00:00,PJM,"PJM Interconnection, LLC",107706,41350538.0,383.9204686832674,15,4,1,386.2852377724662,392.4128199458234,378.2536138296549
2024-01-05 16:00:00,PJM,"PJM Interconnection, LLC",105016,40454377.0,385.22108059724235,16,4,1,383.9204686832674,387.22552250047073,388.1650406040205
2024-01-05 17:00:00,PJM,"PJM Interconnection, LLC",102294,38900032.0,380.2767708761022,17,4,1,385.22108059724235,384.8968366023048,392.7328810020877
2024-01-05 18:00:00,PJM,"PJM Interconnection, LLC",102390,38827690.0,379.213692743432,18,4,1,380.2767708761022,389.9890473764646,400.6270592158544
2024-01-05 19:00:00,PJM,"PJM Interconnection, LLC",102059,38360662.0,375.8675080100726,19,4,1,379.213692743432,387.0906046971758,397.7643831911996
2024-01-05 20:00:00,PJM,"PJM Interconnection, LLC",102777,39210322.0,381.50872276871286,20,4,1,375.8675080100726,383.7545518944688,388.5507728087601
2024-01-05 21:00:00,PJM,"PJM Interconnection, LLC",103490,40318957.0,389.5927819112958,21,4,1,381.50872276871286,383.5932142212597,386.28457621868586
2024-01-05 22:00:00,PJM,"PJM Interconnection, LLC",108607,41683333.0,383.79969062767594,22,4,1,389.5927819112958,375.0100413521137,381.16758398178024
2024-01-05 23:00:00,PJM,"PJM Interconnection, LLC",110281,42849245.0,388.54603240812105,23,4,1,383.79969062767594,383.63334014736074,388.45346977025963
2024-01-06 00:00:00,PJM,"PJM Interconnection, LLC",108956,42052608.0,385.95954330188334,0,5,1,388.54603240812105,387.24883433839267,390.50743800063464
2024-01-06 01:00:00,PJM,"PJM Interconnection, LLC",108041,41924574.0,388.04318730852174,1,5,1,385.95954330188334,388.9119581144348,386.2557074934182
2024-01-06 02:00:00,PJM,"PJM Interconnection, LLC",105812,41611584.0,393.2595924847843,2,5,1,388.04318730852174,391.3501035702333,385.4274519640797
2024-01-06 03:00:00,PJM,"PJM Interconnection, LLC",102272,40015498.0,391.2654294430538,3,5,1,393.2595924847843,405.29150414831025,380.3145619610563
2024-01-06 04:00:00,PJM,"PJM Interconnection, LLC",100271,38774772.0,386.6997636405342,4,5,1,391.2654294430538,407.4525110839321,375.2245199253393
2024-01-06 05:00:00,PJM,"PJM Interconnection, LLC",101667,40879891.0,402.09597017714697,5,5,1,386.6997636405342,378.2701053335563,382.2693087370768
2024-01-06 06:00:00,PJM,"PJM Interconnection, LLC",97121,37148214.0,382.494146477075,6,5,1,402.09597017714697,397.89714240528224,367.22908411945417
2024-01-06 07:00:00,PJM,"PJM Interconnection, LLC",95924,36434192.0,379.8235269588424,7,5,1,382.494146477075,395.40083084048064,363.6722803324343
2024-01-06 08:00:00,PJM,"PJM Interconnection, LLC",95628,35651867.0,372.81828543941106,8,5,1,379.8235269588424,393.7115972525509,361.63685577936974
2024-01-06 09:00:00,PJM,"PJM Interconnection, LLC",96676,36343153.0,375.9273552898341,9,5,1,372.81828543941106,384.82456917338374,358.1331314551452
2024-01-06 10:00:00,PJM,"PJM Interconnection, LLC",96487,36364492.0,376.884886046825,10,5,1,375.9273552898341,381.9835299438435,355.8643137086007
2024-01-06 11:00:00,PJM,"PJM Interconnection, LLC",96441,36311625.0,376.51647121037735,11,5,1,376.884886046825,380.90708565708564,352.5371913265032
2024-01-06 12:00:00,PJM,"PJM Interconnection, LLC",98714,37005962.0,374.88058431428163,12,5,1,376.51647121037735,386.00052399646086,350.5602751450217
2024-01-06 13:00:00,PJM,"PJM Interconnection, LLC",101055,38588748.0,381.8588689327594,13,5,1,374.88058431428163,391.375302167061,353.9910795127171
2024-01-06 14:00:00,PJM,"PJM Interconnection, LLC",102690,38772801.0,377.57134092900964,14,5,1,381.8588689327594,386.2852377724662,354.3053667516284
2024-01-06 15:00:00,PJM,"PJM Interconnection, LLC",104529,39538472.0,378.2536138296549,15,5,1,377.57134092900964,383.9204686832674,353.45018479913796
2024-01-06 16:00:00,PJM,"PJM Interconnection, LLC",105162,40820212.0,388.1650406040205,16,5,1,378.2536138296549,385.22108059724235,352.44184328252464
2024-01-06 17:00:00,PJM,"PJM Interconnection, LLC",105380,41386191.0,392.7328810020877,17,5,1,388.1650406040205,380.2767708761022,353.42100637444565
2024-01-06 18:00:00,PJM,"PJM Interconnection, LLC",104955,42047813.0,400.6270592158544,18,5,1,392.7328810020877,379.213692743432,351.52658312549426
2024-01-06 19:00:00,PJM,"PJM Interconnection, LLC",103541,41184922.0,397.7643831911996,19,5,1,400.6270592158544,375.8675080100726,357.3679537683217
2024-01-06 20:00:00,PJM,"PJM Interconnection, LLC",103195,40096497.0,388.5507728087601,20,5,1,397.7643831911996,381.50872276871286,356.36409080810324
2024-01-06 21:00:00,PJM,"PJM Interconnection, LLC",103308,39906287.0,386.28457621868586,21,5,1,388.5507728087601,389.5927819112958,351.52062534941297
2024-01-06 22:00:00,PJM,"PJM Interconnection, LLC",105380,40167440.0,381.16758398178024,22,5,1,386.28457621868586,383.79969062767594,353.21532057416266
2024-01-06 23:00:00,PJM,"PJM Interconnection, LLC",105641,41036613.0,388.45346977025963,23,5,1,381.16758398178024,388.54603240812105,365.10998858609014
